,Pregnancies,Glucose,BloodPressure,SkinThickness,Insulin,BMI,DiabetesPedigreeFunction,Age,Outcome
count,768.0,768.0,768.0,768.0,768.0,768.0,768.0,768.0,768.0
mean,-6.47630097698008e-17,-3.561965537339044e-16,6.915764257560871e-16,7.956598343146956e-16,-3.3306690738754696e-16,3.515706244646329e-16,2.4517425127138875e-16,1.9313254699208451e-16,0.3489583333333333
std,1.0006516781401997,1.0006516781401997,1.0006516781401997,1.0006516781401997,1.0006516781401997,1.0006516781401997,1.0006516781401997,1.0006516781401997,0.47695137724279896
min,-1.1418515161634994,-2.5541306394868957,-4.004244590729369,-2.5216702237571025,-1.6659447394835167,-2.075118680330338,-1.1895531764897842,-1.0415494364835023,0.0
25%,-0.8448850534430228,-0.7212214274326749,-0.6953059644171141,-0.47277371654419703,-0.4007288628325514,-0.7215396588075207,-0.6889685057180291,-0.7862861770793975,0.0
50%,-0.2509521280020695,-0.15408808379257963,-0.016759119577330932,8.087936275135398e-16,-3.345078884921639e-16,-0.008363615209477333,-0.3001282260084456,-0.3608474114058894,0.0
75%,0.6399472601593604,0.6103090315484183,0.6282694861077881,0.32401936959415506,-3.345078884921639e-16,0.602930136445989,0.46622688837063647,0.6602056262105301,1.0
max,3.906578350084603,2.54185012945309,4.102655043735656,7.950467479775526,8.126237673294188,5.0420871425154425,5.88356476587794,4.063715751598595,1.0
